T_albicilla_22581	albicilla
T_albicilla_22591	albicilla
T_albicilla_22592	albicilla
T_albicilla_22611	albicilla
T_albicilla_85104	albicilla
T_albicilla_85105	albicilla
T_chloris_12584	chloris
T_chloris_12606	chloris
T_chloris_13960	chloris
T_chloris_14446	chloris
T_chloris_20983	chloris
T_chloris_22075	chloris
T_chloris_23253	chloris
T_chloris_23630	chloris
T_chloris_23632	chloris
T_chloris_24382	chloris
T_chloris_24727	chloris
T_colonus_2003089	colonus
T_colonus_2003097	colonus
T_colonus_2004070	colonus
T_leucopygius_32019	Outgroup
T_leucopygius_32037	Outgroup
T_leucopygius_34505	Outgroup
T_leucopygius_34508	Outgroup
T_leucopygius_DOT6654	Outgroup
T_sanctus_14877	sanctus
T_sanctus_14879	sanctus
T_sanctus_24565	sanctus
T_sanctus_25117	sanctus
T_sanctus_33267	sanctus
T_sanctus_34636	sanctus
T_sanctus_34659	sanctus
T_sanctus_35549	sanctus
T_sanctus_72545	sanctus
T_sanctus_7567	sanctus
T_sanctus_B29435	sanctus
T_sanctus_B32637	sanctus
T_sanctus_B33280	sanctus
T_sanctus_B34636	sanctus
T_sanctus_B34659	sanctus
T_sanctus_B34946	sanctus
T_sanctus_B43266	sanctus
T_sanctus_B50292	sanctus
T_sanctus_B50543	sanctus
T_sanctus_B51072	sanctus
T_sanctus_B53055	sanctus
T_sanctus_B53068	sanctus
T_sanctus_B54673	sanctus
T_sanctus_B57402	sanctus
T_sanctus_B59372	sanctus
T_sanctus_B60180	sanctus
T_sanctus_B60181	sanctus
T_sanctus_B60182	sanctus
T_sanctus_B60183	sanctus
T_sanctus_B60184	sanctus
T_saurophagus_18929	saurophagus
T_saurophagus_27804	saurophagus
T_saurophagus_36179	saurophagus
T_saurophagus_36283	saurophagus
T_saurophagus_36284	saurophagus
T_saurophagus_69666	saurophagus
T_sordidus_B33717	sordidus
T_sordidus_B33718	sordidus
T_sordidus_B33719	sordidus
T_sordidus_B33720	sordidus
T_sordidus_B44198	sordidus
T_sordidus_B44295	sordidus
T_sordidus_B44296	sordidus
T_sordidus_B51462	sordidus
T_tristrami_18953	tristrami
T_tristrami_27723	tristrami
T_tristrami_27752	tristrami
T_tristrami_27792	tristrami
T_tristrami_27793	tristrami
T_tristrami_32049	tristrami
T_tristrami_33253	tristrami
T_tristrami_33839	sanctus
T_tristrami_33858	sanctus
T_tristrami_33864	sanctus
T_tristrami_33867	sanctus
T_tristrami_33895	sanctus
T_tristrami_36188	tristrami
T_tristrami_6704	tristrami
